well_id,state,district,station,lat,lon,mean_near,tot_near,tot_3x3,mad,min_valid,rel_mad,rel_total_diff
W1d35991ae9,Tamil Nadu,Coimbatore,Pollachi1,10.6611,77.0,103.500114,29187.031,38107.88,32.053207,9,0.30969247,0.3056442
Wf286ba5e29,Kerala,Wayanad,Perikallur,11.7917,76.225,138.99197,39195.74,48503.297,34.819775,9,0.25051644,0.23746353
W4a928cebb3,Kerala,Wayanad,Cheyyambam,11.75,76.225,138.99197,39195.74,48503.297,34.819775,9,0.25051644,0.23746353
W42ebea867e,West Bengal,Darjiling,Bagdogra,26.66,88.3014,190.71599,53781.91,66930.836,46.7935,9,0.24535698,0.24448603
W69365a2244,Himachal Pradesh,Kangra,Dehra gopipur,31.8833,76.2167,130.56708,36819.914,42686.37,20.98472,9,0.16071984,0.15932837
W6e1122daed,Maharashtra,Raigad,Hudhre budruk (karjat,18.9125,73.3194,336.68057,94943.92,109420.69,51.73979,9,0.1536762,0.15247701
Wa639e7dac7,Himachal Pradesh,Kullu,Kullu,31.9639,77.1167,77.32142,21804.64,24415.195,10.364719,9,0.1340472,0.11972473
W1e17e4b223,Tamil Nadu,Salem,Yercaud,11.7833,78.2111,163.44449,46091.344,40439.305,20.842493,9,0.12752032,-0.12262691
Wb005cb4024,Tamil Nadu,Dindigul,Palani2,10.4333,77.5125,62.34657,17581.732,19741.69,7.7142315,9,0.12373145,0.12285234
W95fe50c7b6,Tamil Nadu,Dindigul,Kodaikanal,10.2347,77.4833,138.75926,39130.113,34615.457,16.797495,9,0.12105495,-0.1153755
W19323388cb,Gujarat,Vadodara,Pavi,22.3417,73.8333,80.20381,22617.475,25107.656,9.634672,9,0.12012736,0.1100999
W00f2b0f578,Karnataka,Kodagu,Napoklu,12.3042,75.6917,302.368,85267.78,94148.29,35.431465,9,0.11717994,0.104148455
W33ade01c05,Maharashtra,Kolhapur,Pimpalgaon,16.2972,74.2167,100.13075,28236.873,31271.734,11.025824,9,0.11011426,0.10747866
